"start_date","end_date","iso_year","year","week","month"
"1999-12-27","2000-01-02","1999","2000","52","1"
"2000-01-03","2000-01-09","2000","2000","1","1"
"2000-01-10","2000-01-16","2000","2000","2","1"
"2000-01-17","2000-01-23","2000","2000","3","1"
"2000-01-24","2000-01-30","2000","2000","4","1"
"2000-01-31","2000-02-06","2000","2000","5","2"
"2000-02-07","2000-02-13","2000","2000","6","2"
"2000-02-14","2000-02-20","2000","2000","7","2"
"2000-02-21","2000-02-27","2000","2000","8","2"
"2000-02-28","2000-03-05","2000","2000","9","3"
"2000-03-06","2000-03-12","2000","2000","10","3"
"2000-03-13","2000-03-19","2000","2000","11","3"
"2000-03-20","2000-03-26","2000","2000","12","3"
"2000-03-27","2000-04-02","2000","2000","13","4"
"2000-04-03","2000-04-09","2000","2000","14","4"
"2000-04-10","2000-04-16","2000","2000","15","4"
"2000-04-17","2000-04-23","2000","2000","16","4"
"2000-04-24","2000-04-30","2000","2000","17","4"
"2000-05-01","2000-05-07","2000","2000","18","5"
"2000-05-08","2000-05-14","2000","2000","19","5"
"2000-05-15","2000-05-21","2000","2000","20","5"
"2000-05-22","2000-05-28","2000","2000","21","5"
"2000-05-29","2000-06-04","2000","2000","22","6"
"2000-06-05","2000-06-11","2000","2000","23","6"
"2000-06-12","2000-06-18","2000","2000","24","6"
"2000-06-19","2000-06-25","2000","2000","25","6"
"2000-06-26","2000-07-02","2000","2000","26","7"
"2000-07-03","2000-07-09","2000","2000","27","7"
"2000-07-10","2000-07-16","2000","2000","28","7"
"2000-07-17","2000-07-23","2000","2000","29","7"
"2000-07-24","2000-07-30","2000","2000","30","7"
"2000-07-31","2000-08-06","2000","2000","31","8"
"2000-08-07","2000-08-13","2000","2000","32","8"
"2000-08-14","2000-08-20","2000","2000","33","8"
"2000-08-21","2000-08-27","2000","2000","34","8"
"2000-08-28","2000-09-03","2000","2000","35","9"
"2000-09-04","2000-09-10","2000","2000","36","9"
"2000-09-11","2000-09-17","2000","2000","37","9"
"2000-09-18","2000-09-24","2000","2000","38","9"
"2000-09-25","2000-10-01","2000","2000","39","9"
"2000-10-02","2000-10-08","2000","2000","40","10"
"2000-10-09","2000-10-15","2000","2000","41","10"
"2000-10-16","2000-10-22","2000","2000","42","10"
"2000-10-23","2000-10-29","2000","2000","43","10"
"2000-10-30","2000-11-05","2000","2000","44","11"
"2000-11-06","2000-11-12","2000","2000","45","11"
"2000-11-13","2000-11-19","2000","2000","46","11"
"2000-11-20","2000-11-26","2000","2000","47","11"
"2000-11-27","2000-12-03","2000","2000","48","12"
"2000-12-04","2000-12-10","2000","2000","49","12"
"2000-12-11","2000-12-17","2000","2000","50","12"
"2000-12-18","2000-12-24","2000","2000","51","12"
"2000-12-25","2000-12-31","2000","2000","52","12"
"2001-01-01","2001-01-07","2001","2001","1","1"
"2001-01-08","2001-01-14","2001","2001","2","1"
"2001-01-15","2001-01-21","2001","2001","3","1"
"2001-01-22","2001-01-28","2001","2001","4","1"
"2001-01-29","2001-02-04","2001","2001","5","2"
"2001-02-05","2001-02-11","2001","2001","6","2"
"2001-02-12","2001-02-18","2001","2001","7","2"
"2001-02-19","2001-02-25","2001","2001","8","2"
"2001-02-26","2001-03-04","2001","2001","9","3"
"2001-03-05","2001-03-11","2001","2001","10","3"
"2001-03-12","2001-03-18","2001","2001","11","3"
"2001-03-19","2001-03-25","2001","2001","12","3"
"2001-03-26","2001-04-01","2001","2001","13","3"
"2001-04-02","2001-04-08","2001","2001","14","4"
"2001-04-09","2001-04-15","2001","2001","15","4"
"2001-04-16","2001-04-22","2001","2001","16","4"
"2001-04-23","2001-04-29","2001","2001","17","4"
"2001-04-30","2001-05-06","2001","2001","18","5"
"2001-05-07","2001-05-13","2001","2001","19","5"
"2001-05-14","2001-05-20","2001","2001","20","5"
"2001-05-21","2001-05-27","2001","2001","21","5"
"2001-05-28","2001-06-03","2001","2001","22","6"
"2001-06-04","2001-06-10","2001","2001","23","6"
"2001-06-11","2001-06-17","2001","2001","24","6"
"2001-06-18","2001-06-24","2001","2001","25","6"
"2001-06-25","2001-07-01","2001","2001","26","6"
"2001-07-02","2001-07-08","2001","2001","27","7"
"2001-07-09","2001-07-15","2001","2001","28","7"
"2001-07-16","2001-07-22","2001","2001","29","7"
"2001-07-23","2001-07-29","2001","2001","30","7"
"2001-07-30","2001-08-05","2001","2001","31","8"
"2001-08-06","2001-08-12","2001","2001","32","8"
"2001-08-13","2001-08-19","2001","2001","33","8"
"2001-08-20","2001-08-26","2001","2001","34","8"
"2001-08-27","2001-09-02","2001","2001","35","9"
"2001-09-03","2001-09-09","2001","2001","36","9"
"2001-09-10","2001-09-16","2001","2001","37","9"
"2001-09-17","2001-09-23","2001","2001","38","9"
"2001-09-24","2001-09-30","2001","2001","39","9"
"2001-10-01","2001-10-07","2001","2001","40","10"
"2001-10-08","2001-10-14","2001","2001","41","10"
"2001-10-15","2001-10-21","2001","2001","42","10"
"2001-10-22","2001-10-28","2001","2001","43","10"
"2001-10-29","2001-11-04","2001","2001","44","11"
"2001-11-05","2001-11-11","2001","2001","45","11"
"2001-11-12","2001-11-18","2001","2001","46","11"
"2001-11-19","2001-11-25","2001","2001","47","11"
"2001-11-26","2001-12-02","2001","2001","48","12"
"2001-12-03","2001-12-09","2001","2001","49","12"
"2001-12-10","2001-12-16","2001","2001","50","12"
"2001-12-17","2001-12-23","2001","2001","51","12"
"2001-12-24","2001-12-30","2001","2001","52","12"
"2001-12-31","2002-01-06","2002","2002","1","1"
"2002-01-07","2002-01-13","2002","2002","2","1"
"2002-01-14","2002-01-20","2002","2002","3","1"
"2002-01-21","2002-01-27","2002","2002","4","1"
"2002-01-28","2002-02-03","2002","2002","5","2"
"2002-02-04","2002-02-10","2002","2002","6","2"
"2002-02-11","2002-02-17","2002","2002","7","2"
"2002-02-18","2002-02-24","2002","2002","8","2"
"2002-02-25","2002-03-03","2002","2002","9","3"
"2002-03-04","2002-03-10","2002","2002","10","3"
"2002-03-11","2002-03-17","2002","2002","11","3"
"2002-03-18","2002-03-24","2002","2002","12","3"
"2002-03-25","2002-03-31","2002","2002","13","3"
"2002-04-01","2002-04-07","2002","2002","14","4"
"2002-04-08","2002-04-14","2002","2002","15","4"
"2002-04-15","2002-04-21","2002","2002","16","4"
"2002-04-22","2002-04-28","2002","2002","17","4"
"2002-04-29","2002-05-05","2002","2002","18","5"
"2002-05-06","2002-05-12","2002","2002","19","5"
"2002-05-13","2002-05-19","2002","2002","20","5"
"2002-05-20","2002-05-26","2002","2002","21","5"
"2002-05-27","2002-06-02","2002","2002","22","6"
"2002-06-03","2002-06-09","2002","2002","23","6"
"2002-06-10","2002-06-16","2002","2002","24","6"
"2002-06-17","2002-06-23","2002","2002","25","6"
"2002-06-24","2002-06-30","2002","2002","26","6"
"2002-07-01","2002-07-07","2002","2002","27","7"
"2002-07-08","2002-07-14","2002","2002","28","7"
"2002-07-15","2002-07-21","2002","2002","29","7"
"2002-07-22","2002-07-28","2002","2002","30","7"
"2002-07-29","2002-08-04","2002","2002","31","8"
"2002-08-05","2002-08-11","2002","2002","32","8"
"2002-08-12","2002-08-18","2002","2002","33","8"
"2002-08-19","2002-08-25","2002","2002","34","8"
"2002-08-26","2002-09-01","2002","2002","35","8"
"2002-09-02","2002-09-08","2002","2002","36","9"
"2002-09-09","2002-09-15","2002","2002","37","9"
"2002-09-16","2002-09-22","2002","2002","38","9"
"2002-09-23","2002-09-29","2002","2002","39","9"
"2002-09-30","2002-10-06","2002","2002","40","10"
"2002-10-07","2002-10-13","2002","2002","41","10"
"2002-10-14","2002-10-20","2002","2002","42","10"
"2002-10-21","2002-10-27","2002","2002","43","10"
"2002-10-28","2002-11-03","2002","2002","44","11"
"2002-11-04","2002-11-10","2002","2002","45","11"
"2002-11-11","2002-11-17","2002","2002","46","11"
"2002-11-18","2002-11-24","2002","2002","47","11"
"2002-11-25","2002-12-01","2002","2002","48","11"
"2002-12-02","2002-12-08","2002","2002","49","12"
"2002-12-09","2002-12-15","2002","2002","50","12"
"2002-12-16","2002-12-22","2002","2002","51","12"
"2002-12-23","2002-12-29","2002","2002","52","12"
"2002-12-30","2003-01-05","2003","2003","1","1"
"2003-01-06","2003-01-12","2003","2003","2","1"
"2003-01-13","2003-01-19","2003","2003","3","1"
"2003-01-20","2003-01-26","2003","2003","4","1"
"2003-01-27","2003-02-02","2003","2003","5","2"
"2003-02-03","2003-02-09","2003","2003","6","2"
"2003-02-10","2003-02-16","2003","2003","7","2"
"2003-02-17","2003-02-23","2003","2003","8","2"
"2003-02-24","2003-03-02","2003","2003","9","3"
"2003-03-03","2003-03-09","2003","2003","10","3"
"2003-03-10","2003-03-16","2003","2003","11","3"
"2003-03-17","2003-03-23","2003","2003","12","3"
"2003-03-24","2003-03-30","2003","2003","13","3"
"2003-03-31","2003-04-06","2003","2003","14","4"
"2003-04-07","2003-04-13","2003","2003","15","4"
"2003-04-14","2003-04-20","2003","2003","16","4"
"2003-04-21","2003-04-27","2003","2003","17","4"
"2003-04-28","2003-05-04","2003","2003","18","5"
"2003-05-05","2003-05-11","2003","2003","19","5"
"2003-05-12","2003-05-18","2003","2003","20","5"
"2003-05-19","2003-05-25","2003","2003","21","5"
"2003-05-26","2003-06-01","2003","2003","22","5"
"2003-06-02","2003-06-08","2003","2003","23","6"
"2003-06-09","2003-06-15","2003","2003","24","6"
"2003-06-16","2003-06-22","2003","2003","25","6"
"2003-06-23","2003-06-29","2003","2003","26","6"
"2003-06-30","2003-07-06","2003","2003","27","7"
"2003-07-07","2003-07-13","2003","2003","28","7"
"2003-07-14","2003-07-20","2003","2003","29","7"
"2003-07-21","2003-07-27","2003","2003","30","7"
"2003-07-28","2003-08-03","2003","2003","31","8"
"2003-08-04","2003-08-10","2003","2003","32","8"
"2003-08-11","2003-08-17","2003","2003","33","8"
"2003-08-18","2003-08-24","2003","2003","34","8"
"2003-08-25","2003-08-31","2003","2003","35","8"
"2003-09-01","2003-09-07","2003","2003","36","9"
"2003-09-08","2003-09-14","2003","2003","37","9"
"2003-09-15","2003-09-21","2003","2003","38","9"
"2003-09-22","2003-09-28","2003","2003","39","9"
"2003-09-29","2003-10-05","2003","2003","40","10"
"2003-10-06","2003-10-12","2003","2003","41","10"
"2003-10-13","2003-10-19","2003","2003","42","10"
"2003-10-20","2003-10-26","2003","2003","43","10"
"2003-10-27","2003-11-02","2003","2003","44","11"
"2003-11-03","2003-11-09","2003","2003","45","11"
"2003-11-10","2003-11-16","2003","2003","46","11"
"2003-11-17","2003-11-23","2003","2003","47","11"
"2003-11-24","2003-11-30","2003","2003","48","11"
"2003-12-01","2003-12-07","2003","2003","49","12"
"2003-12-08","2003-12-14","2003","2003","50","12"
"2003-12-15","2003-12-21","2003","2003","51","12"
"2003-12-22","2003-12-28","2003","2003","52","12"
"2003-12-29","2004-01-04","2004","2004","1","1"
"2004-01-05","2004-01-11","2004","2004","2","1"
"2004-01-12","2004-01-18","2004","2004","3","1"
"2004-01-19","2004-01-25","2004","2004","4","1"
"2004-01-26","2004-02-01","2004","2004","5","1"
"2004-02-02","2004-02-08","2004","2004","6","2"
"2004-02-09","2004-02-15","2004","2004","7","2"
"2004-02-16","2004-02-22","2004","2004","8","2"
"2004-02-23","2004-02-29","2004","2004","9","2"
"2004-03-01","2004-03-07","2004","2004","10","3"
"2004-03-08","2004-03-14","2004","2004","11","3"
"2004-03-15","2004-03-21","2004","2004","12","3"
"2004-03-22","2004-03-28","2004","2004","13","3"
"2004-03-29","2004-04-04","2004","2004","14","4"
"2004-04-05","2004-04-11","2004","2004","15","4"
"2004-04-12","2004-04-18","2004","2004","16","4"
"2004-04-19","2004-04-25","2004","2004","17","4"
"2004-04-26","2004-05-02","2004","2004","18","5"
"2004-05-03","2004-05-09","2004","2004","19","5"
"2004-05-10","2004-05-16","2004","2004","20","5"
"2004-05-17","2004-05-23","2004","2004","21","5"
"2004-05-24","2004-05-30","2004","2004","22","5"
"2004-05-31","2004-06-06","2004","2004","23","6"
"2004-06-07","2004-06-13","2004","2004","24","6"
"2004-06-14","2004-06-20","2004","2004","25","6"
"2004-06-21","2004-06-27","2004","2004","26","6"
"2004-06-28","2004-07-04","2004","2004","27","7"
"2004-07-05","2004-07-11","2004","2004","28","7"
"2004-07-12","2004-07-18","2004","2004","29","7"
"2004-07-19","2004-07-25","2004","2004","30","7"
"2004-07-26","2004-08-01","2004","2004","31","7"
"2004-08-02","2004-08-08","2004","2004","32","8"
"2004-08-09","2004-08-15","2004","2004","33","8"
"2004-08-16","2004-08-22","2004","2004","34","8"
"2004-08-23","2004-08-29","2004","2004","35","8"
"2004-08-30","2004-09-05","2004","2004","36","9"
"2004-09-06","2004-09-12","2004","2004","37","9"
"2004-09-13","2004-09-19","2004","2004","38","9"
"2004-09-20","2004-09-26","2004","2004","39","9"
"2004-09-27","2004-10-03","2004","2004","40","10"
"2004-10-04","2004-10-10","2004","2004","41","10"
"2004-10-11","2004-10-17","2004","2004","42","10"
"2004-10-18","2004-10-24","2004","2004","43","10"
"2004-10-25","2004-10-31","2004","2004","44","10"
"2004-11-01","2004-11-07","2004","2004","45","11"
"2004-11-08","2004-11-14","2004","2004","46","11"
"2004-11-15","2004-11-21","2004","2004","47","11"
"2004-11-22","2004-11-28","2004","2004","48","11"
"2004-11-29","2004-12-05","2004","2004","49","12"
"2004-12-06","2004-12-12","2004","2004","50","12"
"2004-12-13","2004-12-19","2004","2004","51","12"
"2004-12-20","2004-12-26","2004","2004","52","12"
"2004-12-27","2005-01-02","2004","2005","53","1"
"2005-01-03","2005-01-09","2005","2005","1","1"
"2005-01-10","2005-01-16","2005","2005","2","1"
"2005-01-17","2005-01-23","2005","2005","3","1"
"2005-01-24","2005-01-30","2005","2005","4","1"
"2005-01-31","2005-02-06","2005","2005","5","2"
"2005-02-07","2005-02-13","2005","2005","6","2"
"2005-02-14","2005-02-20","2005","2005","7","2"
"2005-02-21","2005-02-27","2005","2005","8","2"
"2005-02-28","2005-03-06","2005","2005","9","3"
"2005-03-07","2005-03-13","2005","2005","10","3"
"2005-03-14","2005-03-20","2005","2005","11","3"
"2005-03-21","2005-03-27","2005","2005","12","3"
"2005-03-28","2005-04-03","2005","2005","13","4"
"2005-04-04","2005-04-10","2005","2005","14","4"
"2005-04-11","2005-04-17","2005","2005","15","4"
"2005-04-18","2005-04-24","2005","2005","16","4"
"2005-04-25","2005-05-01","2005","2005","17","4"
"2005-05-02","2005-05-08","2005","2005","18","5"
"2005-05-09","2005-05-15","2005","2005","19","5"
"2005-05-16","2005-05-22","2005","2005","20","5"
"2005-05-23","2005-05-29","2005","2005","21","5"
"2005-05-30","2005-06-05","2005","2005","22","6"
"2005-06-06","2005-06-12","2005","2005","23","6"
"2005-06-13","2005-06-19","2005","2005","24","6"
"2005-06-20","2005-06-26","2005","2005","25","6"
"2005-06-27","2005-07-03","2005","2005","26","7"
"2005-07-04","2005-07-10","2005","2005","27","7"
"2005-07-11","2005-07-17","2005","2005","28","7"
"2005-07-18","2005-07-24","2005","2005","29","7"
"2005-07-25","2005-07-31","2005","2005","30","7"
"2005-08-01","2005-08-07","2005","2005","31","8"
"2005-08-08","2005-08-14","2005","2005","32","8"
"2005-08-15","2005-08-21","2005","2005","33","8"
"2005-08-22","2005-08-28","2005","2005","34","8"
"2005-08-29","2005-09-04","2005","2005","35","9"
"2005-09-05","2005-09-11","2005","2005","36","9"
"2005-09-12","2005-09-18","2005","2005","37","9"
"2005-09-19","2005-09-25","2005","2005","38","9"
"2005-09-26","2005-10-02","2005","2005","39","10"
"2005-10-03","2005-10-09","2005","2005","40","10"
"2005-10-10","2005-10-16","2005","2005","41","10"
"2005-10-17","2005-10-23","2005","2005","42","10"
"2005-10-24","2005-10-30","2005","2005","43","10"
"2005-10-31","2005-11-06","2005","2005","44","11"
"2005-11-07","2005-11-13","2005","2005","45","11"
"2005-11-14","2005-11-20","2005","2005","46","11"
"2005-11-21","2005-11-27","2005","2005","47","11"
"2005-11-28","2005-12-04","2005","2005","48","12"
"2005-12-05","2005-12-11","2005","2005","49","12"
"2005-12-12","2005-12-18","2005","2005","50","12"
"2005-12-19","2005-12-25","2005","2005","51","12"
"2005-12-26","2006-01-01","2005","2005","52","12"
"2006-01-02","2006-01-08","2006","2006","1","1"
"2006-01-09","2006-01-15","2006","2006","2","1"
"2006-01-16","2006-01-22","2006","2006","3","1"
"2006-01-23","2006-01-29","2006","2006","4","1"
"2006-01-30","2006-02-05","2006","2006","5","2"
"2006-02-06","2006-02-12","2006","2006","6","2"
"2006-02-13","2006-02-19","2006","2006","7","2"
"2006-02-20","2006-02-26","2006","2006","8","2"
"2006-02-27","2006-03-05","2006","2006","9","3"
"2006-03-06","2006-03-12","2006","2006","10","3"
"2006-03-13","2006-03-19","2006","2006","11","3"
"2006-03-20","2006-03-26","2006","2006","12","3"
"2006-03-27","2006-04-02","2006","2006","13","4"
"2006-04-03","2006-04-09","2006","2006","14","4"
"2006-04-10","2006-04-16","2006","2006","15","4"
"2006-04-17","2006-04-23","2006","2006","16","4"
"2006-04-24","2006-04-30","2006","2006","17","4"
"2006-05-01","2006-05-07","2006","2006","18","5"
"2006-05-08","2006-05-14","2006","2006","19","5"
"2006-05-15","2006-05-21","2006","2006","20","5"
"2006-05-22","2006-05-28","2006","2006","21","5"
"2006-05-29","2006-06-04","2006","2006","22","6"
"2006-06-05","2006-06-11","2006","2006","23","6"
"2006-06-12","2006-06-18","2006","2006","24","6"
"2006-06-19","2006-06-25","2006","2006","25","6"
"2006-06-26","2006-07-02","2006","2006","26","7"
"2006-07-03","2006-07-09","2006","2006","27","7"
"2006-07-10","2006-07-16","2006","2006","28","7"
"2006-07-17","2006-07-23","2006","2006","29","7"
"2006-07-24","2006-07-30","2006","2006","30","7"
"2006-07-31","2006-08-06","2006","2006","31","8"
"2006-08-07","2006-08-13","2006","2006","32","8"
"2006-08-14","2006-08-20","2006","2006","33","8"
"2006-08-21","2006-08-27","2006","2006","34","8"
"2006-08-28","2006-09-03","2006","2006","35","9"
"2006-09-04","2006-09-10","2006","2006","36","9"
"2006-09-11","2006-09-17","2006","2006","37","9"
"2006-09-18","2006-09-24","2006","2006","38","9"
"2006-09-25","2006-10-01","2006","2006","39","9"
"2006-10-02","2006-10-08","2006","2006","40","10"
"2006-10-09","2006-10-15","2006","2006","41","10"
"2006-10-16","2006-10-22","2006","2006","42","10"
"2006-10-23","2006-10-29","2006","2006","43","10"
"2006-10-30","2006-11-05","2006","2006","44","11"
"2006-11-06","2006-11-12","2006","2006","45","11"
"2006-11-13","2006-11-19","2006","2006","46","11"
"2006-11-20","2006-11-26","2006","2006","47","11"
"2006-11-27","2006-12-03","2006","2006","48","12"
"2006-12-04","2006-12-10","2006","2006","49","12"
"2006-12-11","2006-12-17","2006","2006","50","12"
"2006-12-18","2006-12-24","2006","2006","51","12"
"2006-12-25","2006-12-31","2006","2006","52","12"
"2007-01-01","2007-01-07","2007","2007","1","1"
"2007-01-08","2007-01-14","2007","2007","2","1"
"2007-01-15","2007-01-21","2007","2007","3","1"
"2007-01-22","2007-01-28","2007","2007","4","1"
"2007-01-29","2007-02-04","2007","2007","5","2"
"2007-02-05","2007-02-11","2007","2007","6","2"
"2007-02-12","2007-02-18","2007","2007","7","2"
"2007-02-19","2007-02-25","2007","2007","8","2"
"2007-02-26","2007-03-04","2007","2007","9","3"
"2007-03-05","2007-03-11","2007","2007","10","3"
"2007-03-12","2007-03-18","2007","2007","11","3"
"2007-03-19","2007-03-25","2007","2007","12","3"
"2007-03-26","2007-04-01","2007","2007","13","3"
"2007-04-02","2007-04-08","2007","2007","14","4"
"2007-04-09","2007-04-15","2007","2007","15","4"
"2007-04-16","2007-04-22","2007","2007","16","4"
"2007-04-23","2007-04-29","2007","2007","17","4"
"2007-04-30","2007-05-06","2007","2007","18","5"
"2007-05-07","2007-05-13","2007","2007","19","5"
"2007-05-14","2007-05-20","2007","2007","20","5"
"2007-05-21","2007-05-27","2007","2007","21","5"
"2007-05-28","2007-06-03","2007","2007","22","6"
"2007-06-04","2007-06-10","2007","2007","23","6"
"2007-06-11","2007-06-17","2007","2007","24","6"
"2007-06-18","2007-06-24","2007","2007","25","6"
"2007-06-25","2007-07-01","2007","2007","26","6"
"2007-07-02","2007-07-08","2007","2007","27","7"
"2007-07-09","2007-07-15","2007","2007","28","7"
"2007-07-16","2007-07-22","2007","2007","29","7"
"2007-07-23","2007-07-29","2007","2007","30","7"
"2007-07-30","2007-08-05","2007","2007","31","8"
"2007-08-06","2007-08-12","2007","2007","32","8"
"2007-08-13","2007-08-19","2007","2007","33","8"
"2007-08-20","2007-08-26","2007","2007","34","8"
"2007-08-27","2007-09-02","2007","2007","35","9"
"2007-09-03","2007-09-09","2007","2007","36","9"
"2007-09-10","2007-09-16","2007","2007","37","9"
"2007-09-17","2007-09-23","2007","2007","38","9"
"2007-09-24","2007-09-30","2007","2007","39","9"
"2007-10-01","2007-10-07","2007","2007","40","10"
"2007-10-08","2007-10-14","2007","2007","41","10"
"2007-10-15","2007-10-21","2007","2007","42","10"
"2007-10-22","2007-10-28","2007","2007","43","10"
"2007-10-29","2007-11-04","2007","2007","44","11"
"2007-11-05","2007-11-11","2007","2007","45","11"
"2007-11-12","2007-11-18","2007","2007","46","11"
"2007-11-19","2007-11-25","2007","2007","47","11"
"2007-11-26","2007-12-02","2007","2007","48","12"
"2007-12-03","2007-12-09","2007","2007","49","12"
"2007-12-10","2007-12-16","2007","2007","50","12"
"2007-12-17","2007-12-23","2007","2007","51","12"
"2007-12-24","2007-12-30","2007","2007","52","12"
"2007-12-31","2008-01-06","2008","2008","1","1"
"2008-01-07","2008-01-13","2008","2008","2","1"
"2008-01-14","2008-01-20","2008","2008","3","1"
"2008-01-21","2008-01-27","2008","2008","4","1"
"2008-01-28","2008-02-03","2008","2008","5","2"
"2008-02-04","2008-02-10","2008","2008","6","2"
"2008-02-11","2008-02-17","2008","2008","7","2"
"2008-02-18","2008-02-24","2008","2008","8","2"
"2008-02-25","2008-03-02","2008","2008","9","3"
"2008-03-03","2008-03-09","2008","2008","10","3"
"2008-03-10","2008-03-16","2008","2008","11","3"
"2008-03-17","2008-03-23","2008","2008","12","3"
"2008-03-24","2008-03-30","2008","2008","13","3"
"2008-03-31","2008-04-06","2008","2008","14","4"
"2008-04-07","2008-04-13","2008","2008","15","4"
"2008-04-14","2008-04-20","2008","2008","16","4"
"2008-04-21","2008-04-27","2008","2008","17","4"
"2008-04-28","2008-05-04","2008","2008","18","5"
"2008-05-05","2008-05-11","2008","2008","19","5"
"2008-05-12","2008-05-18","2008","2008","20","5"
"2008-05-19","2008-05-25","2008","2008","21","5"
"2008-05-26","2008-06-01","2008","2008","22","5"
"2008-06-02","2008-06-08","2008","2008","23","6"
"2008-06-09","2008-06-15","2008","2008","24","6"
"2008-06-16","2008-06-22","2008","2008","25","6"
"2008-06-23","2008-06-29","2008","2008","26","6"
"2008-06-30","2008-07-06","2008","2008","27","7"
"2008-07-07","2008-07-13","2008","2008","28","7"
"2008-07-14","2008-07-20","2008","2008","29","7"
"2008-07-21","2008-07-27","2008","2008","30","7"
"2008-07-28","2008-08-03","2008","2008","31","8"
"2008-08-04","2008-08-10","2008","2008","32","8"
"2008-08-11","2008-08-17","2008","2008","33","8"
"2008-08-18","2008-08-24","2008","2008","34","8"
"2008-08-25","2008-08-31","2008","2008","35","8"
"2008-09-01","2008-09-07","2008","2008","36","9"
"2008-09-08","2008-09-14","2008","2008","37","9"
"2008-09-15","2008-09-21","2008","2008","38","9"
"2008-09-22","2008-09-28","2008","2008","39","9"
"2008-09-29","2008-10-05","2008","2008","40","10"
"2008-10-06","2008-10-12","2008","2008","41","10"
"2008-10-13","2008-10-19","2008","2008","42","10"
"2008-10-20","2008-10-26","2008","2008","43","10"
"2008-10-27","2008-11-02","2008","2008","44","11"
"2008-11-03","2008-11-09","2008","2008","45","11"
"2008-11-10","2008-11-16","2008","2008","46","11"
"2008-11-17","2008-11-23","2008","2008","47","11"
"2008-11-24","2008-11-30","2008","2008","48","11"
"2008-12-01","2008-12-07","2008","2008","49","12"
"2008-12-08","2008-12-14","2008","2008","50","12"
"2008-12-15","2008-12-21","2008","2008","51","12"
"2008-12-22","2008-12-28","2008","2008","52","12"
"2008-12-29","2009-01-04","2009","2009","1","1"
"2009-01-05","2009-01-11","2009","2009","2","1"
"2009-01-12","2009-01-18","2009","2009","3","1"
"2009-01-19","2009-01-25","2009","2009","4","1"
"2009-01-26","2009-02-01","2009","2009","5","1"
"2009-02-02","2009-02-08","2009","2009","6","2"
"2009-02-09","2009-02-15","2009","2009","7","2"
"2009-02-16","2009-02-22","2009","2009","8","2"
"2009-02-23","2009-03-01","2009","2009","9","2"
"2009-03-02","2009-03-08","2009","2009","10","3"
"2009-03-09","2009-03-15","2009","2009","11","3"
"2009-03-16","2009-03-22","2009","2009","12","3"
"2009-03-23","2009-03-29","2009","2009","13","3"
"2009-03-30","2009-04-05","2009","2009","14","4"
"2009-04-06","2009-04-12","2009","2009","15","4"
"2009-04-13","2009-04-19","2009","2009","16","4"
"2009-04-20","2009-04-26","2009","2009","17","4"
"2009-04-27","2009-05-03","2009","2009","18","5"
"2009-05-04","2009-05-10","2009","2009","19","5"
"2009-05-11","2009-05-17","2009","2009","20","5"
"2009-05-18","2009-05-24","2009","2009","21","5"
"2009-05-25","2009-05-31","2009","2009","22","5"
"2009-06-01","2009-06-07","2009","2009","23","6"
"2009-06-08","2009-06-14","2009","2009","24","6"
"2009-06-15","2009-06-21","2009","2009","25","6"
"2009-06-22","2009-06-28","2009","2009","26","6"
"2009-06-29","2009-07-05","2009","2009","27","7"
"2009-07-06","2009-07-12","2009","2009","28","7"
"2009-07-13","2009-07-19","2009","2009","29","7"
"2009-07-20","2009-07-26","2009","2009","30","7"
"2009-07-27","2009-08-02","2009","2009","31","8"
"2009-08-03","2009-08-09","2009","2009","32","8"
"2009-08-10","2009-08-16","2009","2009","33","8"
"2009-08-17","2009-08-23","2009","2009","34","8"
"2009-08-24","2009-08-30","2009","2009","35","8"
"2009-08-31","2009-09-06","2009","2009","36","9"
"2009-09-07","2009-09-13","2009","2009","37","9"
"2009-09-14","2009-09-20","2009","2009","38","9"
"2009-09-21","2009-09-27","2009","2009","39","9"
"2009-09-28","2009-10-04","2009","2009","40","10"
"2009-10-05","2009-10-11","2009","2009","41","10"
"2009-10-12","2009-10-18","2009","2009","42","10"
"2009-10-19","2009-10-25","2009","2009","43","10"
"2009-10-26","2009-11-01","2009","2009","44","10"
"2009-11-02","2009-11-08","2009","2009","45","11"
"2009-11-09","2009-11-15","2009","2009","46","11"
"2009-11-16","2009-11-22","2009","2009","47","11"
"2009-11-23","2009-11-29","2009","2009","48","11"
"2009-11-30","2009-12-06","2009","2009","49","12"
"2009-12-07","2009-12-13","2009","2009","50","12"
"2009-12-14","2009-12-20","2009","2009","51","12"
"2009-12-21","2009-12-27","2009","2009","52","12"
"2009-12-28","2010-01-03","2009","2010","53","1"
"2010-01-04","2010-01-10","2010","2010","1","1"
"2010-01-11","2010-01-17","2010","2010","2","1"
"2010-01-18","2010-01-24","2010","2010","3","1"
"2010-01-25","2010-01-31","2010","2010","4","1"
"2010-02-01","2010-02-07","2010","2010","5","2"
"2010-02-08","2010-02-14","2010","2010","6","2"
"2010-02-15","2010-02-21","2010","2010","7","2"
"2010-02-22","2010-02-28","2010","2010","8","2"
"2010-03-01","2010-03-07","2010","2010","9","3"
"2010-03-08","2010-03-14","2010","2010","10","3"
"2010-03-15","2010-03-21","2010","2010","11","3"
"2010-03-22","2010-03-28","2010","2010","12","3"
"2010-03-29","2010-04-04","2010","2010","13","4"
"2010-04-05","2010-04-11","2010","2010","14","4"
"2010-04-12","2010-04-18","2010","2010","15","4"
"2010-04-19","2010-04-25","2010","2010","16","4"
"2010-04-26","2010-05-02","2010","2010","17","5"
"2010-05-03","2010-05-09","2010","2010","18","5"
"2010-05-10","2010-05-16","2010","2010","19","5"
"2010-05-17","2010-05-23","2010","2010","20","5"
"2010-05-24","2010-05-30","2010","2010","21","5"
"2010-05-31","2010-06-06","2010","2010","22","6"
"2010-06-07","2010-06-13","2010","2010","23","6"
"2010-06-14","2010-06-20","2010","2010","24","6"
"2010-06-21","2010-06-27","2010","2010","25","6"
"2010-06-28","2010-07-04","2010","2010","26","7"
"2010-07-05","2010-07-11","2010","2010","27","7"
"2010-07-12","2010-07-18","2010","2010","28","7"
"2010-07-19","2010-07-25","2010","2010","29","7"
"2010-07-26","2010-08-01","2010","2010","30","7"
"2010-08-02","2010-08-08","2010","2010","31","8"
"2010-08-09","2010-08-15","2010","2010","32","8"
"2010-08-16","2010-08-22","2010","2010","33","8"
"2010-08-23","2010-08-29","2010","2010","34","8"
"2010-08-30","2010-09-05","2010","2010","35","9"
"2010-09-06","2010-09-12","2010","2010","36","9"
"2010-09-13","2010-09-19","2010","2010","37","9"
"2010-09-20","2010-09-26","2010","2010","38","9"
"2010-09-27","2010-10-03","2010","2010","39","10"
"2010-10-04","2010-10-10","2010","2010","40","10"
"2010-10-11","2010-10-17","2010","2010","41","10"
"2010-10-18","2010-10-24","2010","2010","42","10"
"2010-10-25","2010-10-31","2010","2010","43","10"
"2010-11-01","2010-11-07","2010","2010","44","11"
"2010-11-08","2010-11-14","2010","2010","45","11"
"2010-11-15","2010-11-21","2010","2010","46","11"
"2010-11-22","2010-11-28","2010","2010","47","11"
"2010-11-29","2010-12-05","2010","2010","48","12"
"2010-12-06","2010-12-12","2010","2010","49","12"
"2010-12-13","2010-12-19","2010","2010","50","12"
"2010-12-20","2010-12-26","2010","2010","51","12"
"2010-12-27","2011-01-02","2010","2011","52","1"
"2011-01-03","2011-01-09","2011","2011","1","1"
"2011-01-10","2011-01-16","2011","2011","2","1"
"2011-01-17","2011-01-23","2011","2011","3","1"
"2011-01-24","2011-01-30","2011","2011","4","1"
"2011-01-31","2011-02-06","2011","2011","5","2"
"2011-02-07","2011-02-13","2011","2011","6","2"
"2011-02-14","2011-02-20","2011","2011","7","2"
"2011-02-21","2011-02-27","2011","2011","8","2"
"2011-02-28","2011-03-06","2011","2011","9","3"
"2011-03-07","2011-03-13","2011","2011","10","3"
"2011-03-14","2011-03-20","2011","2011","11","3"
"2011-03-21","2011-03-27","2011","2011","12","3"
"2011-03-28","2011-04-03","2011","2011","13","4"
"2011-04-04","2011-04-10","2011","2011","14","4"
"2011-04-11","2011-04-17","2011","2011","15","4"
"2011-04-18","2011-04-24","2011","2011","16","4"
"2011-04-25","2011-05-01","2011","2011","17","4"
"2011-05-02","2011-05-08","2011","2011","18","5"
"2011-05-09","2011-05-15","2011","2011","19","5"
"2011-05-16","2011-05-22","2011","2011","20","5"
"2011-05-23","2011-05-29","2011","2011","21","5"
"2011-05-30","2011-06-05","2011","2011","22","6"
"2011-06-06","2011-06-12","2011","2011","23","6"
"2011-06-13","2011-06-19","2011","2011","24","6"
"2011-06-20","2011-06-26","2011","2011","25","6"
"2011-06-27","2011-07-03","2011","2011","26","7"
"2011-07-04","2011-07-10","2011","2011","27","7"
"2011-07-11","2011-07-17","2011","2011","28","7"
"2011-07-18","2011-07-24","2011","2011","29","7"
"2011-07-25","2011-07-31","2011","2011","30","7"
"2011-08-01","2011-08-07","2011","2011","31","8"
"2011-08-08","2011-08-14","2011","2011","32","8"
"2011-08-15","2011-08-21","2011","2011","33","8"
"2011-08-22","2011-08-28","2011","2011","34","8"
"2011-08-29","2011-09-04","2011","2011","35","9"
"2011-09-05","2011-09-11","2011","2011","36","9"
"2011-09-12","2011-09-18","2011","2011","37","9"
"2011-09-19","2011-09-25","2011","2011","38","9"
"2011-09-26","2011-10-02","2011","2011","39","10"
"2011-10-03","2011-10-09","2011","2011","40","10"
"2011-10-10","2011-10-16","2011","2011","41","10"
"2011-10-17","2011-10-23","2011","2011","42","10"
"2011-10-24","2011-10-30","2011","2011","43","10"
"2011-10-31","2011-11-06","2011","2011","44","11"
"2011-11-07","2011-11-13","2011","2011","45","11"
"2011-11-14","2011-11-20","2011","2011","46","11"
"2011-11-21","2011-11-27","2011","2011","47","11"
"2011-11-28","2011-12-04","2011","2011","48","12"
"2011-12-05","2011-12-11","2011","2011","49","12"
"2011-12-12","2011-12-18","2011","2011","50","12"
"2011-12-19","2011-12-25","2011","2011","51","12"
"2011-12-26","2012-01-01","2011","2011","52","12"
"2012-01-02","2012-01-08","2012","2012","1","1"
"2012-01-09","2012-01-15","2012","2012","2","1"
"2012-01-16","2012-01-22","2012","2012","3","1"
"2012-01-23","2012-01-29","2012","2012","4","1"
"2012-01-30","2012-02-05","2012","2012","5","2"
"2012-02-06","2012-02-12","2012","2012","6","2"
"2012-02-13","2012-02-19","2012","2012","7","2"
"2012-02-20","2012-02-26","2012","2012","8","2"
"2012-02-27","2012-03-04","2012","2012","9","3"
"2012-03-05","2012-03-11","2012","2012","10","3"
"2012-03-12","2012-03-18","2012","2012","11","3"
"2012-03-19","2012-03-25","2012","2012","12","3"
"2012-03-26","2012-04-01","2012","2012","13","3"
"2012-04-02","2012-04-08","2012","2012","14","4"
"2012-04-09","2012-04-15","2012","2012","15","4"
"2012-04-16","2012-04-22","2012","2012","16","4"
"2012-04-23","2012-04-29","2012","2012","17","4"
"2012-04-30","2012-05-06","2012","2012","18","5"
"2012-05-07","2012-05-13","2012","2012","19","5"
"2012-05-14","2012-05-20","2012","2012","20","5"
"2012-05-21","2012-05-27","2012","2012","21","5"
"2012-05-28","2012-06-03","2012","2012","22","6"
"2012-06-04","2012-06-10","2012","2012","23","6"
"2012-06-11","2012-06-17","2012","2012","24","6"
"2012-06-18","2012-06-24","2012","2012","25","6"
"2012-06-25","2012-07-01","2012","2012","26","6"
"2012-07-02","2012-07-08","2012","2012","27","7"
"2012-07-09","2012-07-15","2012","2012","28","7"
"2012-07-16","2012-07-22","2012","2012","29","7"
"2012-07-23","2012-07-29","2012","2012","30","7"
"2012-07-30","2012-08-05","2012","2012","31","8"
"2012-08-06","2012-08-12","2012","2012","32","8"
"2012-08-13","2012-08-19","2012","2012","33","8"
"2012-08-20","2012-08-26","2012","2012","34","8"
"2012-08-27","2012-09-02","2012","2012","35","9"
"2012-09-03","2012-09-09","2012","2012","36","9"
"2012-09-10","2012-09-16","2012","2012","37","9"
"2012-09-17","2012-09-23","2012","2012","38","9"
"2012-09-24","2012-09-30","2012","2012","39","9"
"2012-10-01","2012-10-07","2012","2012","40","10"
"2012-10-08","2012-10-14","2012","2012","41","10"
"2012-10-15","2012-10-21","2012","2012","42","10"
"2012-10-22","2012-10-28","2012","2012","43","10"
"2012-10-29","2012-11-04","2012","2012","44","11"
"2012-11-05","2012-11-11","2012","2012","45","11"
"2012-11-12","2012-11-18","2012","2012","46","11"
"2012-11-19","2012-11-25","2012","2012","47","11"
"2012-11-26","2012-12-02","2012","2012","48","12"
"2012-12-03","2012-12-09","2012","2012","49","12"
"2012-12-10","2012-12-16","2012","2012","50","12"
"2012-12-17","2012-12-23","2012","2012","51","12"
"2012-12-24","2012-12-30","2012","2012","52","12"
"2012-12-31","2013-01-06","2013","2013","1","1"
"2013-01-07","2013-01-13","2013","2013","2","1"
"2013-01-14","2013-01-20","2013","2013","3","1"
"2013-01-21","2013-01-27","2013","2013","4","1"
"2013-01-28","2013-02-03","2013","2013","5","2"
"2013-02-04","2013-02-10","2013","2013","6","2"
"2013-02-11","2013-02-17","2013","2013","7","2"
"2013-02-18","2013-02-24","2013","2013","8","2"
"2013-02-25","2013-03-03","2013","2013","9","3"
"2013-03-04","2013-03-10","2013","2013","10","3"
"2013-03-11","2013-03-17","2013","2013","11","3"
"2013-03-18","2013-03-24","2013","2013","12","3"
"2013-03-25","2013-03-31","2013","2013","13","3"
"2013-04-01","2013-04-07","2013","2013","14","4"
"2013-04-08","2013-04-14","2013","2013","15","4"
"2013-04-15","2013-04-21","2013","2013","16","4"
"2013-04-22","2013-04-28","2013","2013","17","4"
"2013-04-29","2013-05-05","2013","2013","18","5"
"2013-05-06","2013-05-12","2013","2013","19","5"
"2013-05-13","2013-05-19","2013","2013","20","5"
"2013-05-20","2013-05-26","2013","2013","21","5"
"2013-05-27","2013-06-02","2013","2013","22","6"
"2013-06-03","2013-06-09","2013","2013","23","6"
"2013-06-10","2013-06-16","2013","2013","24","6"
"2013-06-17","2013-06-23","2013","2013","25","6"
"2013-06-24","2013-06-30","2013","2013","26","6"
"2013-07-01","2013-07-07","2013","2013","27","7"
"2013-07-08","2013-07-14","2013","2013","28","7"
"2013-07-15","2013-07-21","2013","2013","29","7"
"2013-07-22","2013-07-28","2013","2013","30","7"
"2013-07-29","2013-08-04","2013","2013","31","8"
"2013-08-05","2013-08-11","2013","2013","32","8"
"2013-08-12","2013-08-18","2013","2013","33","8"
"2013-08-19","2013-08-25","2013","2013","34","8"
"2013-08-26","2013-09-01","2013","2013","35","8"
"2013-09-02","2013-09-08","2013","2013","36","9"
"2013-09-09","2013-09-15","2013","2013","37","9"
"2013-09-16","2013-09-22","2013","2013","38","9"
"2013-09-23","2013-09-29","2013","2013","39","9"
"2013-09-30","2013-10-06","2013","2013","40","10"
"2013-10-07","2013-10-13","2013","2013","41","10"
"2013-10-14","2013-10-20","2013","2013","42","10"
"2013-10-21","2013-10-27","2013","2013","43","10"
"2013-10-28","2013-11-03","2013","2013","44","11"
"2013-11-04","2013-11-10","2013","2013","45","11"
"2013-11-11","2013-11-17","2013","2013","46","11"
"2013-11-18","2013-11-24","2013","2013","47","11"
"2013-11-25","2013-12-01","2013","2013","48","11"
"2013-12-02","2013-12-08","2013","2013","49","12"
"2013-12-09","2013-12-15","2013","2013","50","12"
"2013-12-16","2013-12-22","2013","2013","51","12"
"2013-12-23","2013-12-29","2013","2013","52","12"
"2013-12-30","2014-01-05","2014","2014","1","1"
"2014-01-06","2014-01-12","2014","2014","2","1"
"2014-01-13","2014-01-19","2014","2014","3","1"
"2014-01-20","2014-01-26","2014","2014","4","1"
"2014-01-27","2014-02-02","2014","2014","5","2"
"2014-02-03","2014-02-09","2014","2014","6","2"
"2014-02-10","2014-02-16","2014","2014","7","2"
"2014-02-17","2014-02-23","2014","2014","8","2"
"2014-02-24","2014-03-02","2014","2014","9","3"
"2014-03-03","2014-03-09","2014","2014","10","3"
"2014-03-10","2014-03-16","2014","2014","11","3"
"2014-03-17","2014-03-23","2014","2014","12","3"
"2014-03-24","2014-03-30","2014","2014","13","3"
"2014-03-31","2014-04-06","2014","2014","14","4"
"2014-04-07","2014-04-13","2014","2014","15","4"
"2014-04-14","2014-04-20","2014","2014","16","4"
"2014-04-21","2014-04-27","2014","2014","17","4"
"2014-04-28","2014-05-04","2014","2014","18","5"
"2014-05-05","2014-05-11","2014","2014","19","5"
"2014-05-12","2014-05-18","2014","2014","20","5"
"2014-05-19","2014-05-25","2014","2014","21","5"
"2014-05-26","2014-06-01","2014","2014","22","5"
"2014-06-02","2014-06-08","2014","2014","23","6"
"2014-06-09","2014-06-15","2014","2014","24","6"
"2014-06-16","2014-06-22","2014","2014","25","6"
"2014-06-23","2014-06-29","2014","2014","26","6"
"2014-06-30","2014-07-06","2014","2014","27","7"
"2014-07-07","2014-07-13","2014","2014","28","7"
"2014-07-14","2014-07-20","2014","2014","29","7"
"2014-07-21","2014-07-27","2014","2014","30","7"
"2014-07-28","2014-08-03","2014","2014","31","8"
"2014-08-04","2014-08-10","2014","2014","32","8"
"2014-08-11","2014-08-17","2014","2014","33","8"
"2014-08-18","2014-08-24","2014","2014","34","8"
"2014-08-25","2014-08-31","2014","2014","35","8"
"2014-09-01","2014-09-07","2014","2014","36","9"
"2014-09-08","2014-09-14","2014","2014","37","9"
"2014-09-15","2014-09-21","2014","2014","38","9"
"2014-09-22","2014-09-28","2014","2014","39","9"
"2014-09-29","2014-10-05","2014","2014","40","10"
"2014-10-06","2014-10-12","2014","2014","41","10"
"2014-10-13","2014-10-19","2014","2014","42","10"
"2014-10-20","2014-10-26","2014","2014","43","10"
"2014-10-27","2014-11-02","2014","2014","44","11"
"2014-11-03","2014-11-09","2014","2014","45","11"
"2014-11-10","2014-11-16","2014","2014","46","11"
"2014-11-17","2014-11-23","2014","2014","47","11"
"2014-11-24","2014-11-30","2014","2014","48","11"
"2014-12-01","2014-12-07","2014","2014","49","12"
"2014-12-08","2014-12-14","2014","2014","50","12"
"2014-12-15","2014-12-21","2014","2014","51","12"
"2014-12-22","2014-12-28","2014","2014","52","12"
"2014-12-29","2015-01-04","2015","2015","1","1"
"2015-01-05","2015-01-11","2015","2015","2","1"
"2015-01-12","2015-01-18","2015","2015","3","1"
"2015-01-19","2015-01-25","2015","2015","4","1"
"2015-01-26","2015-02-01","2015","2015","5","1"
"2015-02-02","2015-02-08","2015","2015","6","2"
"2015-02-09","2015-02-15","2015","2015","7","2"
"2015-02-16","2015-02-22","2015","2015","8","2"
"2015-02-23","2015-03-01","2015","2015","9","2"
"2015-03-02","2015-03-08","2015","2015","10","3"
"2015-03-09","2015-03-15","2015","2015","11","3"
"2015-03-16","2015-03-22","2015","2015","12","3"
"2015-03-23","2015-03-29","2015","2015","13","3"
"2015-03-30","2015-04-05","2015","2015","14","4"
"2015-04-06","2015-04-12","2015","2015","15","4"
"2015-04-13","2015-04-19","2015","2015","16","4"
"2015-04-20","2015-04-26","2015","2015","17","4"
"2015-04-27","2015-05-03","2015","2015","18","5"
"2015-05-04","2015-05-10","2015","2015","19","5"
"2015-05-11","2015-05-17","2015","2015","20","5"
"2015-05-18","2015-05-24","2015","2015","21","5"
"2015-05-25","2015-05-31","2015","2015","22","5"
"2015-06-01","2015-06-07","2015","2015","23","6"
"2015-06-08","2015-06-14","2015","2015","24","6"
"2015-06-15","2015-06-21","2015","2015","25","6"
"2015-06-22","2015-06-28","2015","2015","26","6"
"2015-06-29","2015-07-05","2015","2015","27","7"
"2015-07-06","2015-07-12","2015","2015","28","7"
"2015-07-13","2015-07-19","2015","2015","29","7"
"2015-07-20","2015-07-26","2015","2015","30","7"
"2015-07-27","2015-08-02","2015","2015","31","8"
"2015-08-03","2015-08-09","2015","2015","32","8"
"2015-08-10","2015-08-16","2015","2015","33","8"
"2015-08-17","2015-08-23","2015","2015","34","8"
"2015-08-24","2015-08-30","2015","2015","35","8"
"2015-08-31","2015-09-06","2015","2015","36","9"
"2015-09-07","2015-09-13","2015","2015","37","9"
"2015-09-14","2015-09-20","2015","2015","38","9"
"2015-09-21","2015-09-27","2015","2015","39","9"
"2015-09-28","2015-10-04","2015","2015","40","10"
"2015-10-05","2015-10-11","2015","2015","41","10"
"2015-10-12","2015-10-18","2015","2015","42","10"
"2015-10-19","2015-10-25","2015","2015","43","10"
"2015-10-26","2015-11-01","2015","2015","44","10"
"2015-11-02","2015-11-08","2015","2015","45","11"
"2015-11-09","2015-11-15","2015","2015","46","11"
"2015-11-16","2015-11-22","2015","2015","47","11"
"2015-11-23","2015-11-29","2015","2015","48","11"
"2015-11-30","2015-12-06","2015","2015","49","12"
"2015-12-07","2015-12-13","2015","2015","50","12"
"2015-12-14","2015-12-20","2015","2015","51","12"
"2015-12-21","2015-12-27","2015","2015","52","12"
"2015-12-28","2016-01-03","2015","2016","53","1"
"2016-01-04","2016-01-10","2016","2016","1","1"
"2016-01-11","2016-01-17","2016","2016","2","1"
"2016-01-18","2016-01-24","2016","2016","3","1"
"2016-01-25","2016-01-31","2016","2016","4","1"
"2016-02-01","2016-02-07","2016","2016","5","2"
"2016-02-08","2016-02-14","2016","2016","6","2"
"2016-02-15","2016-02-21","2016","2016","7","2"
"2016-02-22","2016-02-28","2016","2016","8","2"
"2016-02-29","2016-03-06","2016","2016","9","3"
"2016-03-07","2016-03-13","2016","2016","10","3"
"2016-03-14","2016-03-20","2016","2016","11","3"
"2016-03-21","2016-03-27","2016","2016","12","3"
"2016-03-28","2016-04-03","2016","2016","13","4"
"2016-04-04","2016-04-10","2016","2016","14","4"
"2016-04-11","2016-04-17","2016","2016","15","4"
"2016-04-18","2016-04-24","2016","2016","16","4"
"2016-04-25","2016-05-01","2016","2016","17","4"
"2016-05-02","2016-05-08","2016","2016","18","5"
"2016-05-09","2016-05-15","2016","2016","19","5"
"2016-05-16","2016-05-22","2016","2016","20","5"
"2016-05-23","2016-05-29","2016","2016","21","5"
"2016-05-30","2016-06-05","2016","2016","22","6"
"2016-06-06","2016-06-12","2016","2016","23","6"
"2016-06-13","2016-06-19","2016","2016","24","6"
"2016-06-20","2016-06-26","2016","2016","25","6"
"2016-06-27","2016-07-03","2016","2016","26","7"
"2016-07-04","2016-07-10","2016","2016","27","7"
"2016-07-11","2016-07-17","2016","2016","28","7"
"2016-07-18","2016-07-24","2016","2016","29","7"
"2016-07-25","2016-07-31","2016","2016","30","7"
"2016-08-01","2016-08-07","2016","2016","31","8"
"2016-08-08","2016-08-14","2016","2016","32","8"
"2016-08-15","2016-08-21","2016","2016","33","8"
"2016-08-22","2016-08-28","2016","2016","34","8"
"2016-08-29","2016-09-04","2016","2016","35","9"
"2016-09-05","2016-09-11","2016","2016","36","9"
"2016-09-12","2016-09-18","2016","2016","37","9"
"2016-09-19","2016-09-25","2016","2016","38","9"
"2016-09-26","2016-10-02","2016","2016","39","10"
"2016-10-03","2016-10-09","2016","2016","40","10"
"2016-10-10","2016-10-16","2016","2016","41","10"
"2016-10-17","2016-10-23","2016","2016","42","10"
"2016-10-24","2016-10-30","2016","2016","43","10"
"2016-10-31","2016-11-06","2016","2016","44","11"
"2016-11-07","2016-11-13","2016","2016","45","11"
"2016-11-14","2016-11-20","2016","2016","46","11"
"2016-11-21","2016-11-27","2016","2016","47","11"
"2016-11-28","2016-12-04","2016","2016","48","12"
"2016-12-05","2016-12-11","2016","2016","49","12"
"2016-12-12","2016-12-18","2016","2016","50","12"
"2016-12-19","2016-12-25","2016","2016","51","12"
"2016-12-26","2017-01-01","2016","2016","52","12"
